{
  "mainText": {
    "subtitle": "",
    "title": "About Us"
  },
  "aboutContent": {
    "bigHeading": "IDEALOGY.",
    "description": [
      "Idealogy is a premier provider of cross-platform product development, engineering, and consulting services for desktop and mobile applications. We cater to technology startups, mid-sized and large corporations, as well as individual clients.",
      "Our flexible offerings include a blend of onsite, offsite, and offshore services, supported by seven global delivery centers staffed by over 100+ skilled software professionals. We foster strong client relationships, serving a diverse range of clients from innovative startups to top 100 companies."
    ],
    "history": {
      "title": "Our History",
      "text": "Since its founding in 2008, our company has focused on one mission: achieving the impossible and harnessing technology to make it shine!"
    },
    "work": {
      "title": "Work",
      "text": "With timely delivery and competitive pricing at the forefront, along with a strong emphasis on Quality Assurance and project management, we have consistently maintained excellent relationships with all our clients!"
    },
    "development": {
      "title": "Development",
      "text": "Having developed hundreds of apps for iOS, macOS, Windows, Linux, and other platforms over the years, we've even ventured into creating apps for Symbian OS—if you remember what that was!"
    },
    "idealogyFrance": {
      "title": "Idealogy France",
      "text": "Sarl with capital of 50000 € - RCS : 505 014 506 - APE code 6201Z - VAT number: FR45505014506 - President & Managing Director : Khuram Shahzad - Address: 50 AV. DES CHAMPS-ELYSEES 75008 Paris FRANCE"
    }
  }
}
