{
    "careersContent": {
      "heading": "Careers",
      "image": "././assets/images/career.jpg",  
      "intro": {
        "lightText": "As one of the leading IT and software development companies in the region, we are continually seeking talented, agile, and skilled professionals to join our team.",
        "normalText": "Please take a look at our open positions below and send us your resume if you find a match for your skills:"
      },
      "positions": [
        "Senior Flutter/Android Developer",
        "Senior Java Developer",
        "Senior PHP Developer",
        "Junior WordPress Developer",
        "Senior Backend Developer"
      ]
    }
  }
  