{
  "contact": {
    "mainText": {
      "span": "We shape the future of technology! We design and develop on demand. Tell us more about your project",
      "heading": "Contact Us"
    },
    "form": {
      "name": "Your Name",
      "email": "Your Email",
      "subject": "Subject",  
      "contactMethod": {
        "label": "Choose your contact method",
        "options": [
          {
            "value": "telephone",
            "label": "Telephone"
          },
          {
            "value": "whatsapp",
            "label": "WhatsApp"
          }
        ]
      },
      "contactNumber": "Your Telephone/WhatsApp Number",
      "budget": {
        "placeholder": "Select your budget",
        "options": [
          "$500 - $1000",
          "$1000 - $2500",
          "$2500 - $5000",
          "$5000 - $10000",
          "$10000 - $30000",
          "$30000 - $60000",
          "$60000 - $100000",
          "More then $100K"
        ]
      },
      "message": "Your Message",
      "submitButton": "Send Message",
      "errors": {
        "name": "Please fill out your name.",
        "email": "Please enter a valid email address.",
        "subject": "Please enter a subject.",
        "contactMethod": "Please choose a contact method.",
        "contactNumber": "Please enter your contact number.",
        "budget": "Please select a budget option.",
        "message": "Please enter your message."
      }
    },
    "modalMessages": {
      "success": "Your message has been sent successfully! We will get back to you shortly.",
      "error": "An error occurred while sending your message. Please try again.",
     "required": "Please fill out this required field.",
      "invalidEmail": "Please enter a valid email address including '@' and domain.",
      "selectBudget": "Please select a budget option.",
      "okButton": "OK"
    }
  }
}