{
    "offers": {
        "title": "Our Offers",
        "description": "We offer a wide range of Managed services, including reliable web hosting, fully Managed Dedicated Servers, proactive incident resolution, comprehensive security management, and timely updates, all designed to let you focus on your core business while we handle the technical details.",
        "items": [
            {
                "title": "Startup Website",
                "description": "Designing a website for your startup can be straightforward. Let IDEALOGY make it easy.",
                "image": "././assets/images/whychooseus/t1.jpg",
                "link": "#"
            },
            {
                "title": "Modern Design",
                "description": "Using the most current trends and techniques, we’ll create a custom website that stands out and reflects your brand’s uniqueness.",
                "image": "././assets/images/whychooseus/t2.jpg",
                "link": "#"
            },
            {
                "title": "E-commerce",
                "description": "We create custom eCommerce websites that are user-friendly, secure, and optimized for sales. With responsive design and seamless payment integration, we help you reach a wider audience.",
                "image": "././assets/images/whychooseus/t3.jpg",
                "link": "#"
            },
            {
                "title": "CMS",
                "description": "Your website will be powered by Joomla and WordPress—the leading CMS platforms—making it simple to edit content, images, and more.",
                "image": "././assets/images/whychooseus/t4.jpg",
                "link": "#"
            },
            {
                "title": "Project Management",
                "description": "As the saying goes, 'Every great project has a great manager steering the ship...'",
                "image": "././assets/images/whychooseus/t5.jpg",
                "link": "#"
            },
            {
                "title": "SEO Optimization",
                "description": "Our meticulously crafted SEO strategy aligns perfectly with your business needs. By optimizing your site using our thorough keyword research, we'll help elevate your search engine rankings.",
                "image": "././assets/images/whychooseus/t6.jpg",
                "link": "#"
            },
            {
                "title": "Responsive Design",
                "description": "Your website will look stunning and function flawlessly on desktops, tablets, and mobile devices.",
                "image": "././assets/images/whychooseus/t7.jpg",
                "link": "#"
            },
            {
                "title": "Social Media",
                "description": "Through social media marketing, businesses have the opportunity to establish relationships, boost brand awareness, and advertise their offerings to clients and customers.",
                "image": "././assets/images/whychooseus/t8.jpg",
                "link": "#"
            }
        ]
    }
}