{
    "portfolio": {
      "mainText": {
        "span": "Our Expertise, Your Success: Discover What IDEALOGY Can Do for You",
        "heading": "Our Services"
      },
      "introduction": [
        "We specialize in delivering top-notch software development services, drawing on years of professional experience and the latest technological advancements.",
        "Our experts can tailor a wide range of web applications and systems, including order management systems, booking systems, CRM solutions, web portals, e-commerce websites, LMS/e-learning solutions, recruitment platforms, and accounting software integrations. Our web developers are proficient in customizing various CMS platforms, such as WordPress, Drupal, and Joomla.",
        "In terms of databases, we primarily utilize MySQL in 90% of our projects. However, we also evaluate alternatives like MariaDB, MongoDB, and Redis based on the specific architecture of each application."
      ],
      "portfolioItems": [
        {
          "image": "assets/images/services/img-02.jpg",
          "title": "Brand Building",
          "description": "A brand encompasses more than just a name or symbol; it represents the identity, personality, and perception that customers form when considering a company or making a purchase."
        },
        {
          "image": "assets/images/services/img-03.jpg",
          "title": "Website Development",
          "description": "From business process automation to digital product development, we create innovative web solutions designed to propel your business forward."
        },
        {
          "image": "assets/images/services/img-04.jpg",
          "title": "Graphic Design",
          "description": "We assist startup companies in designing their logos, stationery, and print materials such as brochures and flyers, as well as creating engaging UX/UI designs."
        },
        {
          "image": "assets/images/services/img-05.jpg",
          "title": "Digital Marketing",
          "description": "Our expert Internet Marketing team has established a robust platform for promoting products, brands, and services, aimed at boosting sales and enhancing marketing efforts."
        }
      ]
    }
  }
  