{
    "slides": [
        {
            "active": true,
            "image": "assets/images/slides/slidelogo.png",
            "title": "Website Creation, Software, and App Development",
            "subtitle": "Elevate Your Business to the Next Level",
            "navButtonText": "Welcome",
            "imageBoxes": [
                {
                    "boxImage": "assets/images/justsigns.png",
                    "boxText": "",
                    "url": "https://www.justsigns.tv"
                },
                {
                    "boxImage": "assets/images/justselect.png",
                    "boxText": "",
                    "url": "https://www.justselect.com"
                },
                {
                    "boxImage": "assets/images/justdriver.png",
                    "boxText": "",
                    "url": "https://www.justdriver.online"
                }
                
            ]
        },
        {
            "active": false,
            "image": "assets/images/slides/transparent.png",
            "title": "Web Design",
            "subtitle": "Web development encompasses all activities involved in creating, managing, and maintaining a website for the Internet.",
            "navButtonText": "Web Design"
        },
        {
            "active": false,
            "image": "assets/images/slides/transparent.png",
            "title": "Ecommerce",
            "subtitle": "We deliver customized, seamlessly integrated, and dynamic e-commerce solutions crafted to maximize your online business potential.",
               "navButtonText": "e-commerce"
        },
        {
            "active": false,
            "image": "assets/images/slides/transparent.png",
            "title": "InnovApp: Pioneering Tomorrow's Solutions",
            "subtitle": "Envision Any App! Our Mission: To Push Boundaries and Transform the Development Community.",
               "navButtonText": " mobile app"

        },
        {
            "active": false,
            "image": "assets/images/slides/transparent.png",
            "title": "Software Development",
            "subtitle": "Our company offers development of powerful, one-of-a-kind software intended to meet customers’ unique demands.",
               "navButtonText": "  software"
        },
        {
            "active": false,
            "image": "assets/images/slides/transparent.png",
            "title": "AI Innovation: Transoforming the future",
            "subtitle": "Unlocking new possibilities through aritificial intelligence to enhance business efficiency and user experience.",
               "navButtonText": "  AI Innovation"
        },
        {
            "active": false,
            "image": "assets/images/slides/transparent.png",
            "title": "E-Marketing",
            "subtitle": "Advertising encompasses a comprehensive strategy for resource development: competitor site analysis, technical optimization, reference framework creation, and content optimization.",
               "navButtonText": " Marketing"
        },
        {
            "active": false,
            "image": "assets/images/slides/transparent.png",
            "title": "Logo Design",
            "subtitle": "A logo is the cornerstone of corporate identity and its essential element. By designing a strong logo, you can effectively strengthen your company's brand and enhance its memorability in the market.",
               "navButtonText": "Logo Design"
        },
        {
            "active": false,
            "image": "assets/images/slides/transparent.png",
            "title": "Branding & Identity",
            "subtitle": "By aligning the site design with your branding, this advertising approach appears both impressive and fitting. It enhances the overall aesthetic of the site, making it more appealing than without it—benefiting both advertisers and webmasters.",
               "navButtonText": " brand"
        },
        {
            "active": false,
            "image": "assets/images/slides/transparent.png",
            "title": "Photography",
            "subtitle": "Our company offers professional photography services to enrich your site with vibrant, colorful, and unique content.",
               "navButtonText": "photography"
        }
    ]
}