{
    "mainText": {
      "subtitle": "IDEALOGY: Delivering Projects with Tomorrow's Technology—Today!",
      "title": "Technology"
    },
    "technologies": [
      {
        "image": "assets/images/technology/iosandriod.jpg",
        "alt": "iOS/Android Applications",
        "heading": "iOS/Android Applications",
        "description": "Our apps feature a fully responsive interface and design, enabling users to access all functionalities across any modern device or gadget, regardless of the platform."
      },
      {
        "image": "assets/images/technology/ai.jpg",
        "alt": "AI Technology",
        "heading": "AI Technology",
        "description": "We specialize in developing AI chatbots, AI tools for artists, AI-generated music videos, and advanced AI content editing solutions."
      },
      {
        "image": "assets/images/technology/database.jpg",
        "alt": "Database Management",
        "heading": "Database Management",
        "description": "Managing the backend architecture of your website or application is just as crucial as developing its front end..."
      },
      {
        "image": "assets/images/technology/uxdesign.jpg",
        "alt": "UI/UX Design",
        "heading": "UI/UX Design",
        "description": "With websites, desktop applications, and mobile platforms offering increased functionality to users, effective UI/UX design is more important than ever..."
      },
      {
        "image": "assets/images/technology/customsoftware.jpg",
        "alt": "Custom Software",
        "heading": "Custom Software",
        "description": "While most apps are designed for public distribution and general use, we specialize in creating custom software tailored to meet the unique needs of your business..."
      },
      {
        "image": "assets/images/technology/windowsapp.jpg",
        "alt": "Windows Applications",
        "heading": "Windows Applications",
        "description": "As the most widely used desktop operating system, and a strong contender in the tablet market, Windows applications are essential for delivering powerful and user-friendly solutions..."
      }
    ]
  }
  