{
    "whyUs": {
      "mainText": {
 
        "heading": "Why Choose Us"
      },
      "content": {
        "sections": [
          {
            "title": "Why Us",
            "paragraph": "We specialize in delivering integrated solutions and services to clients globally. By prioritizing our customers' needs, we strive to not only meet but exceed your expectations."
          },
          {
            "title": "Technologies We Use",
            "paragraph": "Photoshop, Adobe Illustrator, Adobe Fireworks, Adobe XD, HTML5, CSS3, JavaScript, jQuery, LESS, Bootstrap, Joomla, WordPress, E-commerce, PHP/MySQL, Android/iOS, Hybrid Web Frameworks, Magento, and more."
          }
        ]
      }
    }
  }
  