{
    "mainText": {
      "subtitle": "",
      "title": "À propos de nous"
    },
    "aboutContent": {
      "bigHeading": "IDEALOGY.",
      "description": [
        "Idealogy est un fournisseur de premier plan de développement de produits multiplateformes, d'ingénierie et de services de conseil pour les applications de bureau et mobiles. Nous servons des startups technologiques, des entreprises de taille moyenne et des grandes entreprises, ainsi que des clients individuels.",
        "Nos offres flexibles incluent un mélange de services sur site, hors site et à l'étranger, soutenus par sept centres de livraison mondiaux dotés de plus de 100 professionnels qualifiés en logiciel. Nous favorisons des relations solides avec nos clients, servant une gamme diversifiée de clients allant des startups innovantes aux 100 meilleures entreprises."
      ],
      "history": {
        "title": "Notre Histoire",
        "text": "Depuis sa fondation en 2008, notre entreprise s'est concentrée sur une mission : réaliser l'impossible et exploiter la technologie pour la faire briller!"
      },
      "work": {
        "title": "Travail",
        "text": "Avec la livraison ponctuelle et des prix compétitifs au premier plan, ainsi qu'un fort accent sur l'assurance qualité et la gestion de projet, nous avons constamment maintenu d'excellentes relations avec tous nos clients!"
      },
      "development": {
        "title": "Développement",
        "text": "Ayant développé des centaines d'applications pour iOS, macOS, Windows, Linux et d'autres plates-formes au fil des ans, nous avons même tenté de créer des applications pour Symbian OS—si vous vous souvenez de ce que c'était!"
      },
      "idealogyFrance": {
        "title": "Idealogy France",
        "text": "Sarl avec un capital de 50000 € - RCS : 505 014 506 - Code APE 6201Z - Numéro de TVA : FR45505014506 - Président & Directeur Général : Khuram Shahzad - Adresse: 50 AV. DES CHAMPS-ELYSEES 75008 Paris FRANCE"
      }
    }
  }
  