{
  "fr": {
    "buttons": [
      {"text": "bienvenue", "data-index": "0"},
      {"text": "conception web", "data-index": "1"},
      {"text": "e-commerce", "data-index": "2"},
      {"text": "application mobile", "data-index": "3"},
      {"text": "logiciel", "data-index": "4"},
      {"text": "Marketing", "data-index": "5"},
      {"text": "Conception de logo", "data-index": "6"},
      {"text": "marque", "data-index": "7"},
      {"text": "photographie", "data-index": "8"}
    ]
  }
}