{
    "careersContent": {
      "heading": "Carrières",
      "image": "././assets/images/career.jpg",  
      "intro": {
        "lightText": "En tant que l'une des principales entreprises de développement informatique et logiciel de la région, nous recherchons en permanence des professionnels talentueux, agiles et qualifiés pour rejoindre notre équipe.",
        "normalText": "Veuillez consulter nos postes ouverts ci-dessous et nous envoyer votre CV si vous trouvez un poste correspondant à vos compétences :"
      },
      "positions": [
        "Développeur Flutter/Android Senior",
        "Développeur Java Senior",
        "Développeur PHP Senior",
        "Développeur WordPress Junior",
        "Développeur Backend Senior"
      ]
    }
  }
  