{
  "contact": {
    "mainText": {
      "span": "Nous façonnons l'avenir de la technologie ! Nous concevons et développons à la demande. Dites-nous en plus sur votre projet",
      "heading": "Contactez-nous"
    },
    "form": {
      "name": "Votre Nom",
      "email": "Votre Email",
      "contactMethod": {
        "label": "Choisissez votre méthode de contact",
        "options": [
          { "value": "telephone", "label": "Téléphone" },
          { "value": "whatsapp", "label": "WhatsApp" }
        ]
      },
      "contactNumber": "Votre Numéro de Téléphone/WhatsApp",
      "budget": {
        "placeholder": "Sélectionnez votre budget",
        "options": [
          "500 € - 1000 €",
          "1000 € - 2500 €",
          "2500 € - 5000 €",
          "5000 € - 10000 €",
          "10000 € - 30000 €",
          "30000 € - 60000 €",
          "60000 € - 100000 €",
          "Plus de 100K €"
        ]
      },
      "message": "Votre Message",
      "submitButton": "Envoyer le Message"
    },
    "modalMessages": {
      "success": "Votre message a été envoyé avec succès ! Nous vous répondrons bientôt.",
      "error": "Une erreur s'est produite lors de l'envoi de votre message. Veuillez réessayer.",
      "okButton": "OK",
      "emptyFields": "Veuillez remplir tous les champs."
    }
  }
}
