{
    "copyright": "Droits d'auteur © 2008-2024 || Tous droits réservés.",
    "poweredBy": "Propulsé par ",
    "span": "IDEALOGY",
    "logoLinks": [
        {
            "url": "https://www.justsigns.tv",
            "image": "./assets/images/justsigns.png",
            "alt": "Logo 1"
        },
        {
            "url": "https://www.justselect.com",
            "image": "./assets/images/justselect.png",
            "alt": "Logo 2"
        },
        {
            "url": "https://www.justdriver.online",
            "image": "./assets/images/justdriver.png",
            "alt": "Logo 3"
        }
    ]
}
