{
    "offers": {
        "title": "Nos Offres",
        "description": "Nous proposons une large gamme de services gérés, notamment un hébergement web fiable, des serveurs dédiés entièrement gérés, une résolution proactive des incidents, une gestion complète de la sécurité et des mises à jour régulières, le tout conçu pour vous permettre de vous concentrer sur votre activité principale pendant que nous nous occupons des aspects techniques.",
        "items": [
            {
                "title": "Site Web pour Startup",
                "description": "Concevoir un site web pour votre startup peut être simple. Laissez IDEALOGY vous rendre la tâche facile, en créant un site qui répond aux besoins de votre entreprise dès ses débuts.",
                "image": "././assets/images/whychooseus/t1.jpg",
                "link": "#"
            },
            {
                "title": "Design Moderne",
                "description": "Grâce aux tendances et techniques actuelles, nous créerons un site web unique et sur mesure qui se démarque et reflète parfaitement l’originalité et les valeurs de votre marque.",
                "image": "././assets/images/whychooseus/t2.jpg",
                "link": "#"
            },
            {
                "title": "E-commerce",
                "description": "Nous développons des sites e-commerce personnalisés, conviviaux, sécurisés et optimisés pour maximiser les ventes. Avec un design adaptatif et une intégration de paiement fluide, nous vous aidons à toucher un public plus large et à offrir une expérience d’achat en ligne sans faille.",
                "image": "././assets/images/whychooseus/t3.jpg",
                "link": "#"
            },
            {
                "title": "CMS",
                "description": "Votre site web sera propulsé par Joomla ou WordPress—les plateformes CMS de référence—ce qui vous permet de modifier facilement le contenu, les images, et bien plus, selon vos besoins.",
                "image": "././assets/images/whychooseus/t4.jpg",
                "link": "#"
            },
            {
                "title": "Gestion de Projet",
                "description": "Comme on dit, 'Chaque grand projet a un excellent gestionnaire pour le guider...' Nos services de gestion de projet vous assurent une exécution fluide et efficace pour atteindre vos objectifs.",
                "image": "././assets/images/whychooseus/t5.jpg",
                "link": "#"
            },
            {
                "title": "Optimisation SEO",
                "description": "Notre stratégie de SEO, minutieusement élaborée, est parfaitement adaptée aux besoins de votre entreprise. En optimisant votre site grâce à des recherches approfondies de mots-clés, nous vous aidons à améliorer vos classements dans les moteurs de recherche et à attirer plus de visiteurs qualifiés.",
                "image": "././assets/images/whychooseus/t6.jpg",
                "link": "#"
            },
            {
                "title": "Design Adaptatif",
                "description": "Votre site web sera magnifique et parfaitement fonctionnel sur tous les appareils—ordinateurs de bureau, tablettes et mobiles—offrant à vos utilisateurs une expérience fluide et agréable, quel que soit l’appareil utilisé.",
                "image": "././assets/images/whychooseus/t7.jpg",
                "link": "#"
            },
            {
                "title": "Réseaux Sociaux",
                "description": "Grâce au marketing sur les réseaux sociaux, les entreprises ont l'opportunité d'établir des relations solides, d'augmenter la notoriété de leur marque et de promouvoir efficacement leurs offres auprès de leurs clients et prospects.",
                "image": "././assets/images/whychooseus/t8.jpg",
                "link": "#"
            }
        ]
    }
}
