{
    "portfolio": {
      "mainText": {
        "span": "Notre Expertise, Votre Succès : Découvrez ce qu'IDEALOGY peut faire pour vous",
        "heading": "Nos Services"
      },
      "introduction": [
        "Nous sommes spécialisés dans la fourniture de services de développement logiciel de premier ordre, tirant parti de nombreuses années d'expérience professionnelle et des dernières avancées technologiques.",
        "Nos experts peuvent adapter une large gamme d'applications et de systèmes web, y compris des systèmes de gestion des commandes, des systèmes de réservation, des solutions CRM, des portails web, des sites de commerce électronique, des solutions LMS/e-learning, des plateformes de recrutement et des intégrations de logiciels de comptabilité. Nos développeurs web maîtrisent la personnalisation de diverses plateformes CMS, telles que WordPress, Drupal et Joomla.",
        "En ce qui concerne les bases de données, nous utilisons principalement MySQL dans 90 % de nos projets. Cependant, nous évaluons également des alternatives comme MariaDB, MongoDB et Redis en fonction de l'architecture spécifique de chaque application."
      ],
      "portfolioItems": [
        {
          "image": "assets/images/services/img-02.jpg",
          "title": "Construction de Marque",
          "description": "Une marque englobe plus qu'un simple nom ou symbole ; elle représente l'identité, la personnalité et la perception que les clients forment lorsqu'ils envisagent une entreprise ou effectuent un achat."
        },
        {
          "image": "assets/images/services/img-03.jpg",
          "title": "Développement de Site Web",
          "description": "De l'automatisation des processus métier au développement de produits numériques, nous créons des solutions web innovantes conçues pour propulser votre entreprise en avant."
        },
        {
          "image": "assets/images/services/img-04.jpg",
          "title": "Design Graphique",
          "description": "Nous assistons les entreprises en démarrage dans la conception de leurs logos, de leur papeterie et de leurs supports imprimés tels que des brochures et des flyers, ainsi que dans la création de designs UX/UI attrayants."
        },
        {
          "image": "assets/images/services/img-05.jpg",
          "title": "Marketing Digital",
          "description": "Notre équipe d'experts en marketing Internet a établi une plateforme solide pour promouvoir des produits, des marques et des services, visant à augmenter les ventes et à améliorer les efforts marketing."
        }
      ]
    }
  }
  