{
  "slides": [
      {
          "active": true,
          "image": "assets/images/slides/slidelogo.png",
          "title": "Création de sites web, développement de logiciels et d'applications",
          "subtitle": "Élevez votre entreprise au niveau supérieur",
          "navButtonText": "Bienvenue",
          "imageBoxes": [
              {
                  "boxImage": "assets/images/justsigns.png",
                  "boxText": "",
                  "url": "https://www.justsigns.tv"
              },
              {
                  "boxImage": "assets/images/justselect.png",
                  "boxText": "",
                  "url": "https://www.justselect.com"
              },
              {
                  "boxImage": "assets/images/justdriver.png",
                  "boxText": "",
                  "url": "https://www.justdriver.online"
              }
          ]
      },
      {
          "active": false,
          "image": "assets/images/slides/transparent.png",
          "title": "Conception de sites web",
          "subtitle": "Le développement web englobe toutes les activités impliquées dans la création, la gestion et la maintenance d'un site web pour Internet.",
          "navButtonText": "Conception Web"
      },
      {
          "active": false,
          "image": "assets/images/slides/transparent.png",
          "title": "E-commerce",
          "subtitle": "Nous fournissons des solutions e-commerce personnalisées, intégrées de manière transparente, et dynamiques, conçues pour maximiser le potentiel de votre entreprise en ligne.",
          "navButtonText": "e-commerce"
      },
      {
          "active": false,
          "image": "assets/images/slides/transparent.png",
          "title": "InnovApp : Pionniers des solutions de demain",
          "subtitle": "Imaginez n'importe quelle application ! Notre mission : repoussez les limites et transformez la communauté des développeurs.",
          "navButtonText": "App mobile"
      },
      {
          "active": false,
          "image": "assets/images/slides/transparent.png",
          "title": "Développement de logiciels",
          "subtitle": "Notre entreprise offre le développement de logiciels puissants, uniques, conçus pour répondre aux demandes spécifiques des clients.",
          "navButtonText": "Logiciels"
      },
      {
          "active": false,
          "image": "assets/images/slides/transparent.png",
          "title": "Innovation en IA : Transformer l'avenir",
          "subtitle": "Libérer de nouvelles possibilités grâce à l'intelligence artificielle pour améliorer l'efficacité des entreprises et l'expérience utilisateur.",
          "navButtonText": "Innovation IA"
      },
      {
          "active": false,
          "image": "assets/images/slides/transparent.png",
          "title": "E-Marketing",
          "subtitle": "La publicité englobe une stratégie complète pour le développement des ressources : analyse des sites concurrents, optimisation technique, création de cadre de référence et optimisation du contenu.",
          "navButtonText": "Marketing"
      },
      {
          "active": false,
          "image": "assets/images/slides/transparent.png",
          "title": "Conception de logos",
          "subtitle": "Un logo est la pierre angulaire de l'identité d'entreprise et son élément essentiel. En concevant un logo fort, vous renforcez efficacement la marque de votre entreprise et améliorez sa mémorabilité sur le marché.",
          "navButtonText": "Conception de logos"
      },
      {
          "active": false,
          "image": "assets/images/slides/transparent.png",
          "title": "Branding et Identité",
          "subtitle": "En alignant la conception du site avec votre branding, cette approche publicitaire apparaît à la fois impressionnante et appropriée. Cela améliore l'esthétique globale du site, le rendant plus attrayant que sans cela—un bénéfice tant pour les annonceurs que pour les webmasters.",
          "navButtonText": "Branding"
      },
      {
          "active": false,
          "image": "assets/images/slides/transparent.png",
          "title": "Photographie",
          "subtitle": "Notre entreprise propose des services de photographie professionnels pour enrichir votre site avec un contenu vivant, coloré et unique.",
          "navButtonText": "Photographie"
      }
  ]
}
