{
  "mainText": {
    "subtitle": "IDEALOGY : Réaliser des projets avec la technologie de demain—aujourd'hui !",
    "title": "Technologie"
  },
  "technologies": [
    {
      "image": "assets/images/technology/iosandriod.jpg",
      "alt": "Applications iOS/Android",
      "heading": "Applications iOS/Android",
      "description": "Nos applications disposent d'une interface et d'un design entièrement réactifs, permettant aux utilisateurs d'accéder à toutes les fonctionnalités sur n'importe quel appareil moderne, quelle que soit la plateforme."
    },
    {
      "image": "assets/images/technology/ai.jpg",
      "alt": "Technologie IA",
      "heading": "Technologie IA",
      "description": "Nous sommes spécialisés dans le développement de chatbots IA, d'outils IA pour artistes, de vidéos musicales générées par IA et de solutions avancées d'édition de contenu IA."
    },    
    {
      "image": "assets/images/technology/database.jpg",
      "alt": "Gestion de base de données",
      "heading": "Gestion de base de données",
      "description": "Gérer l'architecture backend de votre site Web ou application est tout aussi crucial que de développer son interface avant..."
    },
    {
      "image": "assets/images/technology/uxdesign.jpg",
      "alt": "Design UI/UX",
      "heading": "Design UI/UX",
      "description": "Avec des sites Web, des applications de bureau et des plateformes mobiles offrant des fonctionnalités accrues aux utilisateurs, un design UI/UX efficace est plus important que jamais..."
    },
    {
      "image": "assets/images/technology/customsoftware.jpg",
      "alt": "Logiciel sur mesure",
      "heading": "Logiciel sur mesure",
      "description": "Alors que la plupart des applications sont conçues pour une distribution publique et un usage général, nous sommes spécialisés dans la création de logiciels personnalisés adaptés aux besoins uniques de votre entreprise..."
    },
    {
      "image": "assets/images/technology/windowsapp.jpg",
      "alt": "Applications Windows",
      "heading": "Applications Windows",
      "description": "En tant que système d'exploitation de bureau le plus utilisé et un concurrent sérieux sur le marché des tablettes, les applications Windows sont essentielles pour offrir des solutions puissantes et conviviales..."
    }
  ]
}
