{
  "whyUs": {
    "mainText": {
      "heading": "Pourquoi Choisir Nous"
    },
    "content": {
      "sections": [
        {
          "title": "Pourquoi Nous",
          "paragraph": "Nous nous spécialisons dans la fourniture de solutions et de services intégrés à des clients du monde entier. En priorisant les besoins de nos clients, nous nous efforçons non seulement de répondre mais de dépasser vos attentes."
        },
        {
          "title": "Technologies que Nous Utilisons",
          "paragraph": "Photoshop, Adobe Illustrator, Adobe Fireworks, Adobe XD, HTML5, CSS3, JavaScript, jQuery, LESS, Bootstrap, Joomla, WordPress, E-commerce, PHP/MySQL, Android/iOS, Frameworks Web Hybrides, Magento, et plus encore."
        }
      ]
    }
  }
}
